<?xml version="1.0"?>
<metadata xml:lang="en"><Esri><CreaDate>20131126</CreaDate><CreaTime>15001100</CreaTime><SyncOnce>TRUE</SyncOnce><DataProperties><lineage><Process ToolSource="C:\ArcGIS\ArcToolbox\Toolboxes\Data Management Tools.tbx\DeleteField" Date="20111023" Time="121422">DeleteField GreaterlondonboroughLCDA AREA_CODE;DESCRIPTIO;FILE_NAME;NUMBER;NUMBER0;POLYGON_ID;UNIT_ID;CODE;HECTARES;TYPE_CODE;DESCRIPT0;TYPE_COD0;DESCRIPT1 GreaterlondonboroughLCDA</Process><Process ToolSource="C:\ArcGIS\ArcToolbox\Toolboxes\Data Management Tools.tbx\DeleteField" Date="20111023" Time="121452">DeleteField GreaterlondonboroughLCDA AREA GreaterlondonboroughLCDA</Process><Process ToolSource="C:\Program Files (x86)\ArcGIS\Desktop10.0\ArcToolbox\Toolboxes\Data Management Tools.tbx\CalculateField" Date="20120105" Time="210039">CalculateField GreaterLondonBoroughs Area_1 [ar] VB #</Process><Process ToolSource="C:\Program Files (x86)\ArcGIS\Desktop10.0\ArcToolbox\Toolboxes\Data Management Tools.tbx\CalculateField" Date="20120105" Time="210144">CalculateField GreaterLondonBoroughs anod [ar] VB #</Process></lineage><itemProps><itemLocation><linkage Sync="TRUE">file://\\VISITOR-UCFSTCH\C$\Users\uces069\Desktop\transfer\londonborough</linkage><protocol Sync="TRUE">Local Area Network</protocol></itemLocation></itemProps><copyHistory><copy source="G:\PROJECt forlder\londonborough" dest="\\VISITOR-UCFSTCH\C$\Users\uces069\Desktop\transfer\londonborough" date="20121003" time="13224100"></copy></copyHistory></DataProperties><ArcGISFormat>1.0</ArcGISFormat></Esri></metadata>
