<PAMDataset>
  <Metadata domain="ESRI">
    <MDI key="PyramidResamplingType">NEAREST</MDI>
  </Metadata>
  <PAMRasterBand band="1">
    <NoDataValue>2.56000000000000E+002</NoDataValue>
    <ColorInterp>Palette</ColorInterp>
    <ColorTable>
      <Entry c1="255" c2="246" c3="238" c4="255"/>
      <Entry c1="98" c2="65" c3="74" c4="255"/>
      <Entry c1="213" c2="230" c3="131" c4="255"/>
      <Entry c1="90" c2="82" c3="82" c4="255"/>
      <Entry c1="255" c2="148" c3="131" c4="255"/>
      <Entry c1="255" c2="90" c3="98" c4="255"/>
      <Entry c1="238" c2="246" c3="246" c4="255"/>
      <Entry c1="57" c2="24" c3="24" c4="255"/>
      <Entry c1="222" c2="98" c3="98" c4="255"/>
      <Entry c1="115" c2="74" c3="65" c4="255"/>
      <Entry c1="8" c2="16" c3="8" c4="255"/>
      <Entry c1="230" c2="238" c3="238" c4="255"/>
      <Entry c1="0" c2="8" c3="0" c4="255"/>
      <Entry c1="230" c2="213" c3="164" c4="255"/>
      <Entry c1="230" c2="238" c3="230" c4="255"/>
      <Entry c1="32" c2="32" c3="16" c4="255"/>
      <Entry c1="139" c2="180" c3="189" c4="255"/>
      <Entry c1="238" c2="230" c3="90" c4="255"/>
      <Entry c1="255" c2="255" c3="148" c4="255"/>
      <Entry c1="32" c2="32" c3="32" c4="255"/>
      <Entry c1="222" c2="246" c3="164" c4="255"/>
      <Entry c1="16" c2="8" c3="8" c4="255"/>
      <Entry c1="189" c2="180" c3="74" c4="255"/>
      <Entry c1="213" c2="246" c3="148" c4="255"/>
      <Entry c1="8" c2="0" c3="0" c4="255"/>
      <Entry c1="90" c2="82" c3="90" c4="255"/>
      <Entry c1="222" c2="197" c3="180" c4="255"/>
      <Entry c1="238" c2="246" c3="238" c4="255"/>
      <Entry c1="246" c2="255" c3="246" c4="255"/>
      <Entry c1="115" c2="49" c3="49" c4="255"/>
      <Entry c1="205" c2="230" c3="164" c4="255"/>
      <Entry c1="246" c2="238" c3="98" c4="255"/>
      <Entry c1="213" c2="156" c3="98" c4="255"/>
      <Entry c1="246" c2="255" c3="213" c4="255"/>
      <Entry c1="180" c2="164" c3="131" c4="255"/>
      <Entry c1="246" c2="106" c3="106" c4="255"/>
      <Entry c1="230" c2="213" c3="213" c4="255"/>
      <Entry c1="24" c2="24" c3="24" c4="255"/>
      <Entry c1="230" c2="238" c3="246" c4="255"/>
      <Entry c1="255" c2="213" c3="131" c4="255"/>
      <Entry c1="65" c2="65" c3="57" c4="255"/>
      <Entry c1="41" c2="41" c3="41" c4="255"/>
      <Entry c1="238" c2="255" c3="246" c4="255"/>
      <Entry c1="205" c2="180" c3="123" c4="255"/>
      <Entry c1="156" c2="74" c3="65" c4="255"/>
      <Entry c1="222" c2="222" c3="131" c4="255"/>
      <Entry c1="197" c2="139" c3="131" c4="255"/>
      <Entry c1="213" c2="238" c3="156" c4="255"/>
      <Entry c1="172" c2="180" c3="172" c4="255"/>
      <Entry c1="213" c2="180" c3="172" c4="255"/>
      <Entry c1="197" c2="230" c3="131" c4="255"/>
      <Entry c1="74" c2="74" c3="74" c4="255"/>
      <Entry c1="205" c2="213" c3="197" c4="255"/>
      <Entry c1="205" c2="238" c3="131" c4="255"/>
      <Entry c1="213" c2="238" c3="164" c4="255"/>
      <Entry c1="213" c2="189" c3="131" c4="255"/>
      <Entry c1="106" c2="98" c3="98" c4="255"/>
      <Entry c1="246" c2="205" c3="123" c4="255"/>
      <Entry c1="189" c2="131" c3="115" c4="255"/>
      <Entry c1="205" c2="238" c3="139" c4="255"/>
      <Entry c1="106" c2="98" c3="106" c4="255"/>
      <Entry c1="82" c2="90" c3="82" c4="255"/>
      <Entry c1="230" c2="255" c3="255" c4="255"/>
      <Entry c1="16" c2="16" c3="8" c4="255"/>
      <Entry c1="156" c2="57" c3="41" c4="255"/>
      <Entry c1="156" c2="156" c3="156" c4="255"/>
      <Entry c1="255" c2="246" c3="222" c4="255"/>
      <Entry c1="238" c2="255" c3="205" c4="255"/>
      <Entry c1="205" c2="255" c3="139" c4="255"/>
      <Entry c1="246" c2="255" c3="238" c4="255"/>
      <Entry c1="180" c2="106" c3="65" c4="255"/>
      <Entry c1="106" c2="106" c3="98" c4="255"/>
      <Entry c1="180" c2="172" c3="98" c4="255"/>
      <Entry c1="115" c2="106" c3="98" c4="255"/>
      <Entry c1="180" c2="213" c3="255" c4="255"/>
      <Entry c1="139" c2="57" c3="57" c4="255"/>
      <Entry c1="98" c2="106" c3="98" c4="255"/>
      <Entry c1="246" c2="238" c3="222" c4="255"/>
      <Entry c1="180" c2="106" c3="106" c4="255"/>
      <Entry c1="115" c2="106" c3="49" c4="255"/>
      <Entry c1="164" c2="205" c3="164" c4="255"/>
      <Entry c1="16" c2="16" c3="16" c4="255"/>
      <Entry c1="8" c2="16" c3="16" c4="255"/>
      <Entry c1="164" c2="180" c3="189" c4="255"/>
      <Entry c1="49" c2="49" c3="49" c4="255"/>
      <Entry c1="205" c2="197" c3="156" c4="255"/>
      <Entry c1="106" c2="106" c3="115" c4="255"/>
      <Entry c1="222" c2="246" c3="172" c4="255"/>
      <Entry c1="65" c2="65" c3="65" c4="255"/>
      <Entry c1="246" c2="222" c3="139" c4="255"/>
      <Entry c1="238" c2="230" c3="230" c4="255"/>
      <Entry c1="238" c2="255" c3="255" c4="255"/>
      <Entry c1="238" c2="205" c3="131" c4="255"/>
      <Entry c1="148" c2="106" c3="106" c4="255"/>
      <Entry c1="197" c2="230" c3="123" c4="255"/>
      <Entry c1="189" c2="189" c3="172" c4="255"/>
      <Entry c1="213" c2="205" c3="98" c4="255"/>
      <Entry c1="74" c2="74" c3="24" c4="255"/>
      <Entry c1="213" c2="106" c3="106" c4="255"/>
      <Entry c1="197" c2="197" c3="180" c4="255"/>
      <Entry c1="238" c2="238" c3="222" c4="255"/>
      <Entry c1="205" c2="246" c3="131" c4="255"/>
      <Entry c1="246" c2="222" c3="164" c4="255"/>
      <Entry c1="172" c2="197" c3="123" c4="255"/>
      <Entry c1="8" c2="8" c3="8" c4="255"/>
      <Entry c1="8" c2="8" c3="0" c4="255"/>
      <Entry c1="180" c2="180" c3="180" c4="255"/>
      <Entry c1="230" c2="230" c3="205" c4="255"/>
      <Entry c1="123" c2="8" c3="8" c4="255"/>
      <Entry c1="8" c2="8" c3="16" c4="255"/>
      <Entry c1="246" c2="255" c3="230" c4="255"/>
      <Entry c1="255" c2="180" c3="172" c4="255"/>
      <Entry c1="0" c2="8" c3="8" c4="255"/>
      <Entry c1="172" c2="172" c3="164" c4="255"/>
      <Entry c1="74" c2="32" c3="32" c4="255"/>
      <Entry c1="205" c2="222" c3="238" c4="255"/>
      <Entry c1="106" c2="115" c3="123" c4="255"/>
      <Entry c1="131" c2="131" c3="49" c4="255"/>
      <Entry c1="246" c2="246" c3="246" c4="255"/>
      <Entry c1="172" c2="156" c3="115" c4="255"/>
      <Entry c1="246" c2="222" c3="148" c4="255"/>
      <Entry c1="255" c2="230" c3="164" c4="255"/>
      <Entry c1="246" c2="246" c3="238" c4="255"/>
      <Entry c1="246" c2="246" c3="255" c4="255"/>
      <Entry c1="139" c2="131" c3="115" c4="255"/>
      <Entry c1="246" c2="246" c3="230" c4="255"/>
      <Entry c1="205" c2="205" c3="205" c4="255"/>
      <Entry c1="255" c2="222" c3="139" c4="255"/>
      <Entry c1="246" c2="238" c3="246" c4="255"/>
      <Entry c1="255" c2="222" c3="131" c4="255"/>
      <Entry c1="172" c2="172" c3="172" c4="255"/>
      <Entry c1="82" c2="82" c3="82" c4="255"/>
      <Entry c1="74" c2="82" c3="98" c4="255"/>
      <Entry c1="82" c2="82" c3="74" c4="255"/>
      <Entry c1="180" c2="180" c3="164" c4="255"/>
      <Entry c1="123" c2="164" c3="238" c4="255"/>
      <Entry c1="16" c2="8" c3="16" c4="255"/>
      <Entry c1="148" c2="164" c3="115" c4="255"/>
      <Entry c1="255" c2="238" c3="189" c4="255"/>
      <Entry c1="82" c2="82" c3="90" c4="255"/>
      <Entry c1="98" c2="98" c3="98" c4="255"/>
      <Entry c1="255" c2="238" c3="123" c4="255"/>
      <Entry c1="98" c2="98" c3="90" c4="255"/>
      <Entry c1="255" c2="238" c3="172" c4="255"/>
      <Entry c1="98" c2="90" c3="90" c4="255"/>
      <Entry c1="246" c2="222" c3="189" c4="255"/>
      <Entry c1="197" c2="197" c3="197" c4="255"/>
      <Entry c1="106" c2="106" c3="106" c4="255"/>
      <Entry c1="98" c2="106" c3="106" c4="255"/>
      <Entry c1="222" c2="222" c3="222" c4="255"/>
      <Entry c1="98" c2="98" c3="106" c4="255"/>
      <Entry c1="106" c2="0" c3="0" c4="255"/>
      <Entry c1="123" c2="123" c3="115" c4="255"/>
      <Entry c1="90" c2="139" c3="246" c4="255"/>
      <Entry c1="164" c2="164" c3="164" c4="255"/>
      <Entry c1="246" c2="115" c3="115" c4="255"/>
      <Entry c1="222" c2="222" c3="205" c4="255"/>
      <Entry c1="255" c2="115" c3="115" c4="255"/>
      <Entry c1="255" c2="106" c3="115" c4="255"/>
      <Entry c1="74" c2="74" c3="90" c4="255"/>
      <Entry c1="156" c2="156" c3="164" c4="255"/>
      <Entry c1="0" c2="0" c3="0" c4="255"/>
      <Entry c1="0" c2="0" c3="8" c4="255"/>
      <Entry c1="255" c2="246" c3="205" c4="255"/>
      <Entry c1="115" c2="115" c3="106" c4="255"/>
      <Entry c1="238" c2="238" c3="238" c4="255"/>
      <Entry c1="246" c2="238" c3="230" c4="255"/>
      <Entry c1="213" c2="213" c3="197" c4="255"/>
      <Entry c1="255" c2="255" c3="189" c4="255"/>
      <Entry c1="255" c2="230" c3="148" c4="255"/>
      <Entry c1="106" c2="115" c3="98" c4="255"/>
      <Entry c1="90" c2="90" c3="90" c4="255"/>
      <Entry c1="90" c2="90" c3="82" c4="255"/>
      <Entry c1="189" c2="189" c3="189" c4="255"/>
      <Entry c1="90" c2="90" c3="98" c4="255"/>
      <Entry c1="255" c2="246" c3="98" c4="255"/>
      <Entry c1="255" c2="255" c3="246" c4="255"/>
      <Entry c1="238" c2="238" c3="230" c4="255"/>
      <Entry c1="57" c2="57" c3="57" c4="255"/>
      <Entry c1="238" c2="246" c3="255" c4="255"/>
      <Entry c1="222" c2="115" c3="115" c4="255"/>
      <Entry c1="139" c2="139" c3="139" c4="255"/>
      <Entry c1="230" c2="246" c3="246" c4="255"/>
      <Entry c1="222" c2="238" c3="255" c4="255"/>
      <Entry c1="246" c2="156" c3="148" c4="255"/>
      <Entry c1="90" c2="98" c3="98" c4="255"/>
      <Entry c1="8" c2="0" c3="8" c4="255"/>
      <Entry c1="255" c2="230" c3="180" c4="255"/>
      <Entry c1="180" c2="82" c3="74" c4="255"/>
      <Entry c1="74" c2="131" c3="246" c4="255"/>
      <Entry c1="255" c2="246" c3="230" c4="255"/>
      <Entry c1="238" c2="230" c3="238" c4="255"/>
      <Entry c1="197" c2="238" c3="131" c4="255"/>
      <Entry c1="164" c2="197" c3="246" c4="255"/>
      <Entry c1="197" c2="230" c3="148" c4="255"/>
      <Entry c1="197" c2="238" c3="139" c4="255"/>
      <Entry c1="189" c2="230" c3="139" c4="255"/>
      <Entry c1="82" c2="90" c3="90" c4="255"/>
      <Entry c1="255" c2="238" c3="197" c4="255"/>
      <Entry c1="255" c2="123" c3="123" c4="255"/>
      <Entry c1="230" c2="230" c3="230" c4="255"/>
      <Entry c1="230" c2="230" c3="238" c4="255"/>
      <Entry c1="246" c2="98" c3="98" c4="255"/>
      <Entry c1="246" c2="213" c3="131" c4="255"/>
      <Entry c1="246" c2="213" c3="139" c4="255"/>
      <Entry c1="238" c2="213" c3="139" c4="255"/>
      <Entry c1="230" c2="246" c3="180" c4="255"/>
      <Entry c1="230" c2="222" c3="222" c4="255"/>
      <Entry c1="255" c2="213" c3="139" c4="255"/>
      <Entry c1="230" c2="246" c3="255" c4="255"/>
      <Entry c1="246" c2="205" c3="131" c4="255"/>
      <Entry c1="255" c2="255" c3="238" c4="255"/>
      <Entry c1="255" c2="255" c3="230" c4="255"/>
      <Entry c1="246" c2="255" c3="255" c4="255"/>
      <Entry c1="255" c2="246" c3="246" c4="255"/>
      <Entry c1="255" c2="255" c3="255" c4="255"/>
      <Entry c1="0" c2="0" c3="0" c4="255"/>
      <Entry c1="0" c2="0" c3="0" c4="255"/>
      <Entry c1="0" c2="0" c3="0" c4="255"/>
      <Entry c1="0" c2="0" c3="0" c4="255"/>
      <Entry c1="0" c2="0" c3="0" c4="255"/>
      <Entry c1="0" c2="0" c3="0" c4="255"/>
      <Entry c1="0" c2="0" c3="0" c4="255"/>
      <Entry c1="0" c2="0" c3="0" c4="255"/>
      <Entry c1="0" c2="0" c3="0" c4="255"/>
      <Entry c1="0" c2="0" c3="0" c4="255"/>
      <Entry c1="0" c2="0" c3="0" c4="255"/>
      <Entry c1="0" c2="0" c3="0" c4="255"/>
      <Entry c1="0" c2="0" c3="0" c4="255"/>
      <Entry c1="0" c2="0" c3="0" c4="255"/>
      <Entry c1="0" c2="0" c3="0" c4="255"/>
      <Entry c1="0" c2="0" c3="0" c4="255"/>
      <Entry c1="0" c2="0" c3="0" c4="255"/>
      <Entry c1="0" c2="0" c3="0" c4="255"/>
      <Entry c1="0" c2="0" c3="0" c4="255"/>
      <Entry c1="0" c2="0" c3="0" c4="255"/>
      <Entry c1="0" c2="0" c3="0" c4="255"/>
      <Entry c1="0" c2="0" c3="0" c4="255"/>
      <Entry c1="0" c2="0" c3="0" c4="255"/>
      <Entry c1="0" c2="0" c3="0" c4="255"/>
      <Entry c1="0" c2="0" c3="0" c4="255"/>
      <Entry c1="0" c2="0" c3="0" c4="255"/>
      <Entry c1="0" c2="0" c3="0" c4="255"/>
      <Entry c1="0" c2="0" c3="0" c4="255"/>
      <Entry c1="0" c2="0" c3="0" c4="255"/>
      <Entry c1="0" c2="0" c3="0" c4="255"/>
      <Entry c1="0" c2="0" c3="0" c4="255"/>
      <Entry c1="0" c2="0" c3="0" c4="255"/>
      <Entry c1="0" c2="0" c3="0" c4="255"/>
      <Entry c1="0" c2="0" c3="0" c4="255"/>
      <Entry c1="0" c2="0" c3="0" c4="255"/>
      <Entry c1="0" c2="0" c3="0" c4="255"/>
      <Entry c1="0" c2="0" c3="0" c4="255"/>
      <Entry c1="0" c2="0" c3="0" c4="255"/>
      <Entry c1="0" c2="0" c3="0" c4="255"/>
      <Entry c1="0" c2="0" c3="0" c4="255"/>
    </ColorTable>
    <Metadata>
      <MDI key="RepresentationType">THEMATIC</MDI>
    </Metadata>
  </PAMRasterBand>
</PAMDataset>
