<?xml version="1.0"?>
<!-- <!DOCTYPE metadata SYSTEM "http://www.esri.com/metadata/esriprof80.dtd"> -->
<metadata xml:lang="en"><Esri><CreaDate>20121003</CreaDate><CreaTime>13020300</CreaTime><ArcGISFormat>1.0</ArcGISFormat><SyncOnce>FALSE</SyncOnce><DataProperties><itemProps><itemName Sync="TRUE">tq28see</itemName><itemLocation><linkage Sync="TRUE">file://I:\transfer\images\tq28see</linkage><protocol Sync="TRUE">Local Area Network</protocol></itemLocation><imsContentType Sync="TRUE">002</imsContentType><nativeExtBox><westBL Sync="TRUE">525000.000000</westBL><eastBL Sync="TRUE">530000.000000</eastBL><southBL Sync="TRUE">180000.000000</southBL><northBL Sync="TRUE">185000.000000</northBL><exTypeCode Sync="TRUE">1</exTypeCode></nativeExtBox></itemProps><RasterProperties><General><PixelDepth Sync="TRUE">8</PixelDepth><HasColormap Sync="TRUE">TRUE</HasColormap><CompressionType Sync="TRUE">RLE</CompressionType><NumBands Sync="TRUE">1</NumBands><Format Sync="TRUE">GRID</Format><HasPyramids Sync="TRUE">TRUE</HasPyramids><SourceType Sync="TRUE">discrete</SourceType><PixelType Sync="TRUE">unsigned integer</PixelType><NoDataValue Sync="TRUE">255</NoDataValue></General></RasterProperties><lineage><Process ToolSource="C:\Program Files (x86)\ArcGIS\Desktop10.0\ArcToolbox\Toolboxes\Data Management Tools.tbx\CopyRaster" Date="20121003" Time="130205">CopyRaster "C:\Users\monsuru\Desktop\FINAL ANALYSIS\digimap2\tq28se.tif" I:\transfer\images\tq28see # # # NONE NONE #</Process></lineage></DataProperties><SyncDate>20121003</SyncDate><SyncTime>13020400</SyncTime><ModDate>20121003</ModDate><ModTime>13020400</ModTime></Esri><dataIdInfo><envirDesc Sync="TRUE">Microsoft Windows Server 2008 R2 Version 6.1 (Build 7601) Service Pack 1; ESRI ArcGIS 10.0.0.2414</envirDesc><dataLang><languageCode value="eng" country="GBR"></languageCode></dataLang><idCitation><resTitle Sync="TRUE">tq28see</resTitle><presForm><PresFormCd value="005"></PresFormCd></presForm></idCitation><descKeys><thesaName uuidref="723f6998-058e-11dc-8314-0800200c9a66"></thesaName><keyword Sync="TRUE">002</keyword></descKeys><spatRpType><SpatRepTypCd value="002"></SpatRepTypCd></spatRpType></dataIdInfo><mdLang><languageCode value="eng"></languageCode></mdLang><distInfo><distFormat><formatName Sync="TRUE">Raster Dataset</formatName></distFormat></distInfo><mdHrLv><ScopeCd value="005"></ScopeCd></mdHrLv><mdHrLvName Sync="TRUE">dataset</mdHrLvName><GEMINI_Metadata><IdentificationInfo><extent><geographicElement><westBoundLongitude>524640</westBoundLongitude><eastBoundLongitude>529640</eastBoundLongitude><northBoundLatitude>185000</northBoundLatitude><southBoundLatitude>180000</southBoundLatitude></geographicElement></extent></IdentificationInfo><dateStamp>20121003</dateStamp><metadataStandardName>UK GEMINI Standard</metadataStandardName><metadataStandardVersion>1.0</metadataStandardVersion></GEMINI_Metadata><spatRepInfo><Georect><cellGeo><CellGeoCd Sync="TRUE" value="002"></CellGeoCd></cellGeo><numDims Sync="TRUE">2</numDims><tranParaAv Sync="TRUE">1</tranParaAv><chkPtAv Sync="TRUE">0</chkPtAv><cornerPts><pos Sync="TRUE">525000.000000 180000.000000</pos></cornerPts><cornerPts><pos Sync="TRUE">525000.000000 185000.000000</pos></cornerPts><cornerPts><pos Sync="TRUE">530000.000000 185000.000000</pos></cornerPts><cornerPts><pos Sync="TRUE">530000.000000 180000.000000</pos></cornerPts><centerPt><pos Sync="TRUE">527500.000000 182500.000000</pos></centerPt><axisDimension type="002"><dimSize Sync="TRUE">5000</dimSize><dimResol><value Sync="TRUE">1.000000</value></dimResol></axisDimension><axisDimension type="001"><dimSize Sync="TRUE">5000</dimSize><dimResol><value Sync="TRUE">1.000000</value></dimResol></axisDimension><ptInPixel><PixOrientCd Sync="TRUE" value="001"></PixOrientCd></ptInPixel></Georect></spatRepInfo><eainfo><detailed Name="tq28see.vat"><enttyp><enttypl Sync="TRUE">tq28see.vat</enttypl><enttypt Sync="TRUE">Table</enttypt><enttypc Sync="TRUE">216</enttypc></enttyp><attr><attrlabl Sync="TRUE">Rowid</attrlabl><attalias Sync="TRUE">Rowid</attalias><attrtype Sync="TRUE">OID</attrtype><attwidth Sync="TRUE">4</attwidth><atprecis Sync="TRUE">0</atprecis><attscale Sync="TRUE">0</attscale><attrdef Sync="TRUE">Internal feature number.</attrdef><attrdefs Sync="TRUE">ESRI</attrdefs><attrdomv><udom Sync="TRUE">Sequential unique whole numbers that are automatically generated.</udom></attrdomv></attr><attr><attrlabl Sync="TRUE">VALUE</attrlabl><attalias Sync="TRUE">VALUE</attalias><attrtype Sync="TRUE">Integer</attrtype><attwidth Sync="TRUE">4</attwidth><atprecis Sync="TRUE">0</atprecis><attscale Sync="TRUE">0</attscale></attr><attr><attrlabl Sync="TRUE">COUNT</attrlabl><attalias Sync="TRUE">COUNT</attalias><attrtype Sync="TRUE">Integer</attrtype><attwidth Sync="TRUE">4</attwidth><atprecis Sync="TRUE">0</atprecis><attscale Sync="TRUE">0</attscale></attr></detailed></eainfo><contInfo><ImgDesc><contentTyp><ContentTypCd Sync="TRUE" value="002"></ContentTypCd></contentTyp><covDim><Band><dimDescrp Sync="TRUE">Band_1</dimDescrp><maxVal Sync="TRUE">215.000000</maxVal><minVal Sync="TRUE">0.000000</minVal><bitsPerVal Sync="TRUE">8</bitsPerVal></Band></covDim></ImgDesc></contInfo><mdDateSt Sync="TRUE">20121003</mdDateSt><gmd:GEMINI_Metadata xmlns:gmd="http://www.isotc211.org/2005/gmd" xmlns:xsi="http://www.w3.org/2001/XMLSchema-instance" xmlns:gco="http://www.isotc211.org/2005/gco" xmlns:srv="http://www.isotc211.org/2005/srv" xmlns:gts="http://www.isotc211.org/2005/gts" xmlns:gml="http://www.opengis.net/gml" xmlns:xlink="http://www.w3.org/1999/xlink"><gmd:dateStamp><gco:Date>2012-10-03</gco:Date></gmd:dateStamp><gmd:language><gmd:LanguageCode codeListValue="eng" codeList="&quot;http://standards.iso.org/ittf/PubliclyAvailableStandards/ISO_19139_Schemas/resources/Codelist/ML_gmxCodelists.xml#LanguageCode&quot;">English [English]</gmd:LanguageCode></gmd:language><gmd:identificationInfo><gmd:MD_DataIdentification><gmd:language><gmd:LanguageCode codeListValue="eng" codeList="&quot;http://standards.iso.org/ittf/PubliclyAvailableStandards/ISO_19139_Schemas/resources/Codelist/ML_gmxCodelists.xml#LanguageCode&quot;">English [English]</gmd:LanguageCode></gmd:language><gmd:citation><gmd:CI_Citation><gmd:title><gco:CharacterString>tq28see</gco:CharacterString></gmd:title></gmd:CI_Citation></gmd:citation></gmd:MD_DataIdentification></gmd:identificationInfo><gmd:distributionInfo><gmd:MD_Distribution><gmd:transferOptions><gmd:MD_DigitalTransferOptions><gmd:onLine><gmd:CI_OnlineResource><gmd:linkage><gmd:URL>I:\transfer\images\tq28see</gmd:URL></gmd:linkage></gmd:CI_OnlineResource></gmd:onLine></gmd:MD_DigitalTransferOptions></gmd:transferOptions><gmd:distributionFormat><gmd:MD_Format><gmd:name><gco:CharacterString>Raster Dataset</gco:CharacterString></gmd:name></gmd:MD_Format></gmd:distributionFormat></gmd:MD_Distribution></gmd:distributionInfo></gmd:GEMINI_Metadata></metadata>
